order_id,product_id,customer_id,order_date,order_quantity,order_status,warehouse_id
ORD20084,P5328129,CUST50049,2023-07-12,233,Returned,WH001
ORD20062,P0204487,CUST50057,2023-08-20,178,Shipped,WH006
ORD20042,P6973571,CUST50062,2023-09-26,303,Cancelled,WH009
ORD20007,P4504331,CUST50071,2023-09-02,345,Shipped,WH009
ORD20046,P1064915,CUST50086,2023-09-20,346,Pending,WH004
ORD20013,P3829261,CUST50004,2023-09-29,143,Cancelled,WH008
ORD20046,P4438721,CUST50084,2023-09-27,339,Pending,WH002
ORD20080,P2431125,CUST50016,2023-07-07,91,Returned,WH003
ORD20042,P2796486,CUST50059,2023-08-15,300,Processing,WH004
ORD20001,P3843213,CUST50051,2023-09-20,344,Shipped,WH002
ORD20099,P3977593,CUST50052,2023-08-11,80,Cancelled,WH003
ORD20083,P3455520,CUST50037,2023-09-27,165,Pending,WH002
ORD20029,P5019562,CUST50090,2023-07-28,229,Shipped,WH006
ORD20008,P1963805,CUST50090,2023-06-16,22,Returned,WH001
ORD20060,P0029532,CUST50096,2023-09-22,174,Shipped,WH007
ORD20053,P5719087,CUST50009,2023-06-09,126,Delivered,WH009
ORD20091,P1591192,CUST50087,2023-08-29,40,Delivered,WH002
ORD20088,P8555325,CUST50075,2023-09-18,28,Shipped,WH003
ORD20089,P2431125,CUST50072,2023-09-27,293,Delivered,WH003
ORD20055,P3944156,CUST50095,2023-06-13,257,Pending,WH010
ORD20059,P7266293,CUST50093,2023-09-18,115,Returned,WH004
ORD20051,P3882878,CUST50061,2023-09-23,167,Pending,WH005
ORD20037,P1777677,CUST50011,2023-07-23,282,Shipped,WH008
ORD20096,P1429937,CUST50076,2023-09-04,392,Shipped,WH006
ORD20030,P4508866,CUST50080,2023-06-05,439,Pending,WH005
ORD20051,P6628438,CUST50079,2023-07-13,87,Pending,WH007
ORD20087,P8319099,CUST50030,2023-07-15,478,Pending,WH008
ORD20087,P6511125,CUST50015,2023-07-09,29,Delivered,WH009
ORD20096,P9254632,CUST50029,2023-07-06,357,Returned,WH006
ORD20096,P5454146,CUST50029,2023-09-22,339,Shipped,WH006
ORD20061,P8378582,CUST50019,2023-06-04,125,Shipped,WH008
ORD20069,P3537564,CUST50043,2023-09-05,250,Processing,WH001
ORD20007,P1688039,CUST50022,2023-09-01,419,Cancelled,WH006
ORD20015,P3441234,CUST50059,2023-07-15,409,Shipped,WH002
ORD20005,P1064915,CUST50012,2023-08-23,295,Cancelled,WH004
ORD20064,P0576052,CUST50030,2023-08-08,430,Pending,WH003
ORD20052,P7247611,CUST50013,2023-09-26,285,Shipped,WH009
ORD20052,P7259689,CUST50067,2023-06-16,180,Pending,WH004
ORD20058,P6732835,CUST50018,2023-06-26,16,Cancelled,WH009
ORD20018,P7563335,CUST50058,2023-06-20,357,Shipped,WH009
ORD20007,P6793562,CUST50047,2023-08-20,443,Shipped,WH005
ORD20059,P7259689,CUST50090,2023-06-12,104,Delivered,WH004
ORD20077,P3724182,CUST50090,2023-08-01,464,Pending,WH008
ORD20027,P1257480,CUST50056,2023-08-31,460,Cancelled,WH004
ORD20063,P4396074,CUST50045,2023-07-03,297,Returned,WH005
ORD20098,P0196852,CUST50094,2023-08-03,254,Pending,WH006
ORD20062,P5008222,CUST50028,2023-06-25,180,Processing,WH002
ORD20031,P4659041,CUST50083,2023-09-15,310,Returned,WH001
ORD20049,P9666578,CUST50021,2023-08-25,56,Shipped,WH010
ORD20029,P1311057,CUST50028,2023-08-21,49,Delivered,WH010
ORD20063,P0133634,CUST50099,2023-07-26,133,Shipped,WH002
ORD20084,P6848229,CUST50083,2023-07-18,235,Shipped,WH010
ORD20097,P9627520,CUST50004,2023-06-13,17,Pending,WH005
ORD20073,P1285802,CUST50035,2023-08-09,429,Delivered,WH009
ORD20077,P1408003,CUST50096,2023-06-13,289,Returned,WH001
ORD20071,P6904429,CUST50070,2023-08-09,487,Processing,WH009
ORD20032,P7294796,CUST50032,2023-08-31,29,Cancelled,WH008
ORD20098,P1280387,CUST50021,2023-09-08,456,Pending,WH002
ORD20074,P7348383,CUST50068,2023-07-12,46,Pending,WH007
ORD20070,P3403471,CUST50075,2023-06-27,192,Processing,WH005
ORD20097,P9488078,CUST50009,2023-06-14,349,Delivered,WH010
ORD20090,P8736053,CUST50065,2023-08-08,371,Shipped,WH006
ORD20057,P5345335,CUST50030,2023-09-28,266,Shipped,WH009
ORD20066,P6392243,CUST50049,2023-07-31,457,Processing,WH008
ORD20069,P9067388,CUST50069,2023-09-02,478,Cancelled,WH006
ORD20037,P3874453,CUST50087,2023-08-21,282,Shipped,WH003
ORD20029,P4659041,CUST50044,2023-09-05,314,Returned,WH001
ORD20095,P4661118,CUST50092,2023-08-11,191,Returned,WH005
ORD20000,P4782484,CUST50042,2023-08-25,73,Processing,WH001
ORD20087,P0487052,CUST50077,2023-08-21,383,Processing,WH005
ORD20026,P4257229,CUST50019,2023-07-14,274,Delivered,WH004
ORD20022,P8624673,CUST50019,2023-08-11,78,Shipped,WH004
ORD20083,P1320428,CUST50084,2023-06-13,78,Shipped,WH001
ORD20037,P6083346,CUST50001,2023-09-27,39,Delivered,WH010
ORD20031,P8556866,CUST50050,2023-09-22,91,Shipped,WH008
ORD20070,P7212442,CUST50029,2023-09-09,485,Shipped,WH002
ORD20089,P0003778,CUST50020,2023-06-25,232,Delivered,WH008
ORD20033,P5963367,CUST50023,2023-09-06,14,Delivered,WH005
ORD20047,P1604074,CUST50037,2023-07-07,147,Processing,WH006
ORD20031,P3191445,CUST50048,2023-09-11,493,Returned,WH004
ORD20013,P7294796,CUST50003,2023-06-29,78,Delivered,WH008
ORD20038,P7626408,CUST50015,2023-06-15,273,Processing,WH004
ORD20076,P4025790,CUST50037,2023-06-20,251,Pending,WH006
ORD20080,P9693602,CUST50011,2023-09-01,18,Processing,WH006
ORD20050,P1083731,CUST50093,2023-07-25,85,Shipped,WH007
ORD20093,P2853294,CUST50075,2023-06-14,210,Returned,WH002
ORD20089,P3636208,CUST50047,2023-06-23,290,Delivered,WH005
ORD20007,P6732835,CUST50071,2023-07-06,376,Pending,WH009
ORD20035,P4720633,CUST50097,2023-08-12,377,Pending,WH005
ORD20077,P0341760,CUST50064,2023-09-01,201,Pending,WH004
ORD20040,P1064915,CUST50036,2023-09-07,467,Processing,WH004
ORD20057,P0544895,CUST50097,2023-08-21,436,Pending,WH001
ORD20099,P4630550,CUST50055,2023-08-02,394,Returned,WH006
ORD20074,P1754500,CUST50042,2023-07-14,49,Delivered,WH010
ORD20091,P7232464,CUST50041,2023-06-14,56,Delivered,WH001
ORD20008,P1280387,CUST50005,2023-08-15,52,Returned,WH002
ORD20039,P7802291,CUST50095,2023-08-24,248,Delivered,WH009
ORD20099,P7715352,CUST50075,2023-08-19,374,Returned,WH003
ORD20042,P9832065,CUST50019,2023-09-09,412,Delivered,WH008
ORD20093,P6130029,CUST50072,2023-08-31,420,Pending,WH010
ORD20071,P1118686,CUST50070,2023-08-12,76,Shipped,WH008
ORD20013,P3727741,CUST50078,2023-06-03,332,Processing,WH010
ORD20045,P6732835,CUST50080,2023-09-02,375,Pending,WH009
ORD20080,P0377468,CUST50099,2023-06-05,183,Cancelled,WH003
ORD20030,P4689626,CUST50002,2023-07-25,97,Processing,WH004
ORD20082,P9350864,CUST50031,2023-08-27,231,Returned,WH005
ORD20089,P0412802,CUST50042,2023-06-06,120,Pending,WH006
ORD20002,P1989799,CUST50096,2023-06-11,453,Pending,WH006
ORD20028,P9095545,CUST50021,2023-06-06,26,Pending,WH007
ORD20059,P6244944,CUST50074,2023-09-09,417,Delivered,WH006
ORD20034,P9999893,CUST50088,2023-08-20,153,Cancelled,WH010
ORD20099,P8594021,CUST50036,2023-09-03,332,Delivered,WH008
ORD20040,P7717810,CUST50043,2023-06-26,343,Pending,WH005
ORD20004,P8037428,CUST50082,2023-07-10,399,Cancelled,WH010
ORD20080,P5814569,CUST50003,2023-08-08,448,Delivered,WH006
ORD20067,P0165784,CUST50049,2023-08-16,454,Shipped,WH004
ORD20023,P5394666,CUST50012,2023-06-14,297,Delivered,WH007
ORD20056,P4314072,CUST50027,2023-06-29,493,Processing,WH006
ORD20061,P8012136,CUST50065,2023-09-08,303,Cancelled,WH001
ORD20020,P0076990,CUST50012,2023-06-28,224,Returned,WH005
ORD20010,P1508867,CUST50080,2023-06-25,363,Pending,WH005
ORD20074,P8423051,CUST50059,2023-07-14,484,Returned,WH008
ORD20022,P8255875,CUST50050,2023-06-04,174,Cancelled,WH006
ORD20091,P2838014,CUST50086,2023-09-08,110,Delivered,WH004
ORD20062,P2585100,CUST50020,2023-09-18,178,Pending,WH001
ORD20060,P8958615,CUST50083,2023-07-22,468,Cancelled,WH005
ORD20065,P0223000,CUST50031,2023-06-07,119,Cancelled,WH008
ORD20008,P3805299,CUST50057,2023-09-01,204,Delivered,WH002
ORD20085,P5584486,CUST50069,2023-08-24,414,Pending,WH006
ORD20073,P6826956,CUST50005,2023-08-01,121,Shipped,WH002
ORD20058,P5154490,CUST50030,2023-07-06,72,Pending,WH002
ORD20062,P5584486,CUST50067,2023-09-18,119,Delivered,WH006
ORD20097,P9327018,CUST50052,2023-08-25,148,Shipped,WH004
ORD20022,P8841205,CUST50020,2023-06-01,221,Returned,WH009
ORD20064,P3499441,CUST50038,2023-08-11,62,Cancelled,WH007
ORD20098,P1269835,CUST50002,2023-09-27,75,Processing,WH001
ORD20059,P3171865,CUST50047,2023-08-25,100,Delivered,WH003
ORD20021,P4519374,CUST50013,2023-08-13,28,Shipped,WH003
ORD20099,P3121614,CUST50004,2023-08-20,61,Returned,WH003
ORD20028,P9627930,CUST50059,2023-08-08,446,Processing,WH008
ORD20082,P7048057,CUST50049,2023-09-24,87,Returned,WH006
ORD20009,P8989389,CUST50043,2023-09-22,150,Processing,WH004
ORD20016,P6370288,CUST50015,2023-06-16,279,Returned,WH001
ORD20076,P2258214,CUST50027,2023-09-22,199,Cancelled,WH004
ORD20010,P3537564,CUST50035,2023-06-21,79,Returned,WH001
ORD20014,P2444881,CUST50096,2023-07-05,223,Delivered,WH001
ORD20045,P5978525,CUST50025,2023-08-03,325,Delivered,WH010
ORD20059,P0895086,CUST50020,2023-08-03,111,Processing,WH003
ORD20090,P7978774,CUST50062,2023-08-12,286,Shipped,WH008
ORD20073,P9651553,CUST50034,2023-09-28,112,Processing,WH005
ORD20071,P0676018,CUST50067,2023-06-11,314,Processing,WH004
ORD20022,P5828242,CUST50090,2023-06-26,350,Returned,WH008
ORD20075,P1936258,CUST50008,2023-06-09,374,Cancelled,WH005
ORD20097,P2437139,CUST50001,2023-08-07,149,Processing,WH009
ORD20010,P3011096,CUST50092,2023-07-20,453,Pending,WH006
ORD20025,P1812435,CUST50028,2023-07-23,374,Shipped,WH009
ORD20079,P0815303,CUST50062,2023-09-14,101,Shipped,WH004
ORD20000,P5387465,CUST50044,2023-09-20,80,Delivered,WH004
ORD20006,P4553654,CUST50064,2023-08-05,277,Returned,WH010
ORD20084,P4603490,CUST50036,2023-07-07,202,Pending,WH008
ORD20074,P7409248,CUST50050,2023-09-16,356,Pending,WH005
ORD20015,P2952354,CUST50062,2023-07-28,62,Shipped,WH010
ORD20026,P1280387,CUST50074,2023-07-02,41,Cancelled,WH002
ORD20088,P9302945,CUST50092,2023-08-24,281,Delivered,WH002
ORD20062,P4834624,CUST50072,2023-06-06,82,Shipped,WH009
ORD20009,P6041235,CUST50100,2023-09-06,478,Pending,WH001
ORD20054,P7533793,CUST50028,2023-07-22,17,Processing,WH001
ORD20042,P1080660,CUST50083,2023-09-08,453,Returned,WH003
ORD20088,P0537090,CUST50099,2023-09-05,434,Cancelled,WH006
ORD20064,P9629355,CUST50089,2023-08-20,191,Cancelled,WH010
ORD20086,P9541407,CUST50068,2023-06-30,247,Delivered,WH009
ORD20059,P2306030,CUST50039,2023-08-04,174,Processing,WH006
ORD20012,P8220724,CUST50094,2023-09-12,144,Returned,WH007
ORD20040,P1031722,CUST50024,2023-08-12,248,Processing,WH003
ORD20095,P0895086,CUST50017,2023-08-15,159,Cancelled,WH003
ORD20072,P1694784,CUST50083,2023-08-09,215,Shipped,WH008
ORD20018,P7357435,CUST50006,2023-09-22,357,Processing,WH009
ORD20020,P7735495,CUST50087,2023-06-23,62,Pending,WH001
ORD20004,P6324734,CUST50092,2023-06-22,288,Processing,WH004
ORD20067,P8029905,CUST50035,2023-07-02,284,Processing,WH001
ORD20098,P4519374,CUST50072,2023-07-03,127,Delivered,WH003
ORD20030,P2521121,CUST50002,2023-09-18,385,Cancelled,WH003
ORD20076,P7262944,CUST50086,2023-06-18,411,Delivered,WH010
ORD20067,P6848229,CUST50074,2023-07-08,101,Cancelled,WH010
ORD20054,P1818586,CUST50035,2023-06-17,339,Processing,WH010
ORD20008,P3464969,CUST50057,2023-07-05,314,Returned,WH006
ORD20074,P4069528,CUST50003,2023-08-30,72,Returned,WH008
ORD20040,P8521365,CUST50037,2023-06-27,266,Shipped,WH007
ORD20056,P7453779,CUST50048,2023-07-25,32,Cancelled,WH010
ORD20015,P1488457,CUST50074,2023-06-12,49,Processing,WH004
ORD20067,P8383153,CUST50063,2023-09-06,366,Shipped,WH001
ORD20058,P1617963,CUST50065,2023-06-10,215,Cancelled,WH003
ORD20000,P6317910,CUST50079,2023-06-15,263,Pending,WH008
ORD20001,P0512251,CUST50001,2023-08-02,230,Pending,WH008
ORD20047,P4698379,CUST50034,2023-07-25,500,Returned,WH002
ORD20079,P2443265,CUST50092,2023-09-26,228,Returned,WH001
ORD20072,P7916028,CUST50092,2023-06-01,394,Shipped,WH002
ORD20060,P4460512,CUST50006,2023-06-10,388,Shipped,WH002
ORD20096,P2666748,CUST50077,2023-08-06,306,Pending,WH005
ORD20011,P4196724,CUST50009,2023-07-02,413,Pending,WH010
ORD20016,P0676018,CUST50044,2023-08-01,168,Processing,WH004
ORD20023,P1060627,CUST50075,2023-08-17,329,Cancelled,WH004
ORD20064,P6392155,CUST50005,2023-08-12,147,Cancelled,WH007
ORD20068,P2881249,CUST50011,2023-06-04,354,Processing,WH004
ORD20041,P8368486,CUST50051,2023-08-28,27,Shipped,WH004
ORD20064,P3311459,CUST50055,2023-07-04,259,Returned,WH004
ORD20095,P9541407,CUST50016,2023-08-19,370,Shipped,WH009
ORD20092,P0807507,CUST50012,2023-06-26,213,Processing,WH007
ORD20010,P1376580,CUST50012,2023-07-24,155,Pending,WH002
ORD20035,P7259689,CUST50018,2023-07-21,103,Cancelled,WH004
ORD20028,P2826098,CUST50077,2023-09-20,36,Shipped,WH010
ORD20044,P6317910,CUST50076,2023-06-05,489,Shipped,WH008
ORD20091,P5532200,CUST50057,2023-08-19,300,Pending,WH008
ORD20034,P1959810,CUST50082,2023-07-08,339,Cancelled,WH005
ORD20069,P5221281,CUST50004,2023-09-02,274,Returned,WH001
ORD20068,P1312018,CUST50033,2023-07-07,96,Shipped,WH006
ORD20046,P2567423,CUST50004,2023-07-19,488,Processing,WH010
ORD20091,P5106752,CUST50078,2023-08-04,107,Delivered,WH006
ORD20030,P6133990,CUST50036,2023-06-28,195,Processing,WH007
ORD20095,P3733956,CUST50036,2023-09-13,276,Processing,WH006
ORD20067,P2369841,CUST50073,2023-08-10,171,Delivered,WH007
ORD20047,P1989799,CUST50007,2023-06-17,85,Shipped,WH006
ORD20097,P5502379,CUST50091,2023-09-21,114,Processing,WH003
ORD20050,P2779479,CUST50091,2023-08-12,375,Delivered,WH006
ORD20075,P3464969,CUST50097,2023-07-10,105,Cancelled,WH006
ORD20025,P6456577,CUST50043,2023-09-25,162,Shipped,WH002
ORD20063,P5128881,CUST50027,2023-08-31,261,Cancelled,WH006
ORD20022,P1159564,CUST50021,2023-06-15,28,Cancelled,WH001
ORD20085,P8531718,CUST50082,2023-09-04,313,Processing,WH010
ORD20062,P1806674,CUST50074,2023-06-12,75,Processing,WH007
ORD20015,P2853294,CUST50087,2023-07-31,163,Pending,WH002
ORD20098,P6225639,CUST50024,2023-06-23,170,Shipped,WH008
ORD20045,P8095766,CUST50020,2023-09-18,353,Processing,WH003
ORD20096,P4870801,CUST50064,2023-06-01,327,Processing,WH001
ORD20088,P1490449,CUST50027,2023-09-21,365,Delivered,WH009
ORD20038,P4474743,CUST50030,2023-07-10,379,Pending,WH002
ORD20008,P6879705,CUST50095,2023-08-29,161,Shipped,WH004
ORD20007,P4377308,CUST50088,2023-07-22,265,Returned,WH003
ORD20081,P2881249,CUST50069,2023-06-18,187,Shipped,WH004
ORD20068,P6667946,CUST50100,2023-09-24,18,Delivered,WH002
ORD20046,P7048057,CUST50093,2023-07-08,77,Returned,WH006
ORD20080,P1736370,CUST50028,2023-08-16,210,Delivered,WH007
ORD20092,P1326314,CUST50028,2023-06-09,51,Returned,WH009
ORD20086,P6258922,CUST50036,2023-06-13,14,Returned,WH009
ORD20042,P5305708,CUST50024,2023-06-29,344,Cancelled,WH008
ORD20021,P2431125,CUST50053,2023-08-23,92,Cancelled,WH003
ORD20071,P8841205,CUST50090,2023-07-01,265,Cancelled,WH009
ORD20094,P9163297,CUST50073,2023-07-05,498,Returned,WH004
ORD20031,P3805299,CUST50024,2023-06-05,340,Cancelled,WH002
ORD20072,P7017569,CUST50070,2023-09-12,153,Shipped,WH007
ORD20056,P1284465,CUST50070,2023-06-11,150,Returned,WH008
ORD20051,P8383153,CUST50091,2023-08-16,325,Processing,WH001
ORD20096,P0850476,CUST50098,2023-06-21,387,Delivered,WH005
ORD20084,P6513224,CUST50074,2023-06-05,17,Processing,WH003
ORD20058,P9123931,CUST50095,2023-06-08,479,Shipped,WH010
ORD20052,P9900203,CUST50071,2023-08-22,412,Cancelled,WH003
ORD20010,P5541522,CUST50076,2023-08-05,246,Shipped,WH003
ORD20071,P8936821,CUST50075,2023-09-17,214,Cancelled,WH007
ORD20001,P6489112,CUST50017,2023-07-10,497,Shipped,WH001
ORD20092,P8263311,CUST50022,2023-06-19,290,Shipped,WH010
ORD20040,P8531718,CUST50096,2023-09-27,367,Cancelled,WH010
ORD20029,P1868583,CUST50027,2023-08-10,480,Pending,WH009
ORD20095,P9724449,CUST50001,2023-06-17,31,Returned,WH005
ORD20073,P5454146,CUST50008,2023-08-06,477,Pending,WH006
ORD20078,P5814569,CUST50074,2023-07-11,466,Returned,WH006
ORD20045,P3941001,CUST50082,2023-08-02,358,Delivered,WH008
ORD20058,P7370677,CUST50015,2023-08-22,209,Shipped,WH004
ORD20061,P5778805,CUST50071,2023-06-08,462,Returned,WH001
ORD20017,P0377468,CUST50082,2023-07-16,226,Pending,WH003
ORD20022,P1423985,CUST50042,2023-08-12,91,Processing,WH004
ORD20058,P2475316,CUST50056,2023-08-06,334,Shipped,WH009
ORD20074,P3159998,CUST50044,2023-08-21,481,Returned,WH001
ORD20058,P2853294,CUST50091,2023-07-14,396,Shipped,WH002
ORD20094,P6090957,CUST50039,2023-06-06,30,Returned,WH007
ORD20001,P5778805,CUST50073,2023-08-25,252,Pending,WH001
ORD20097,P4435860,CUST50012,2023-09-06,121,Returned,WH001
ORD20052,P2499303,CUST50075,2023-08-28,355,Processing,WH004
ORD20059,P7916028,CUST50033,2023-09-07,30,Shipped,WH002
ORD20013,P2379239,CUST50075,2023-06-27,13,Pending,WH006
ORD20069,P5467500,CUST50033,2023-09-05,244,Cancelled,WH006
ORD20046,P0371661,CUST50041,2023-07-28,398,Cancelled,WH005
ORD20097,P5305708,CUST50082,2023-09-29,145,Returned,WH008
ORD20075,P4446671,CUST50039,2023-06-20,302,Processing,WH001
ORD20053,P6918467,CUST50015,2023-07-06,140,Shipped,WH008
ORD20057,P4187780,CUST50052,2023-09-21,367,Delivered,WH006
ORD20024,P1521990,CUST50043,2023-07-14,131,Cancelled,WH005
ORD20032,P4952868,CUST50056,2023-09-04,12,Delivered,WH010
ORD20002,P7287974,CUST50053,2023-08-01,123,Shipped,WH005
ORD20032,P0943596,CUST50022,2023-09-21,265,Cancelled,WH006
ORD20097,P3944156,CUST50044,2023-08-03,443,Delivered,WH010
ORD20018,P7397633,CUST50042,2023-09-05,498,Processing,WH004
ORD20067,P9621163,CUST50096,2023-08-19,329,Delivered,WH008
ORD20026,P5587393,CUST50084,2023-06-12,95,Returned,WH008
ORD20039,P8900281,CUST50084,2023-06-22,311,Cancelled,WH001
ORD20032,P4834624,CUST50097,2023-07-22,108,Delivered,WH009
ORD20091,P6152485,CUST50023,2023-06-26,259,Pending,WH006
ORD20094,P5122575,CUST50046,2023-06-28,277,Pending,WH009
ORD20011,P7132040,CUST50041,2023-06-21,313,Processing,WH006
ORD20062,P9181511,CUST50096,2023-08-19,367,Processing,WH005
ORD20051,P1436094,CUST50028,2023-07-11,79,Cancelled,WH007
ORD20029,P5460441,CUST50064,2023-07-11,79,Shipped,WH008
ORD20093,P7395197,CUST50036,2023-08-05,448,Cancelled,WH004
ORD20014,P6937303,CUST50043,2023-09-11,476,Delivered,WH009
ORD20085,P4957351,CUST50049,2023-08-17,11,Shipped,WH007
ORD20054,P5097096,CUST50004,2023-06-01,294,Processing,WH004
ORD20031,P7247611,CUST50011,2023-08-15,89,Processing,WH009
ORD20067,P3403471,CUST50010,2023-06-03,33,Pending,WH005
ORD20037,P3417821,CUST50036,2023-06-21,74,Pending,WH007
ORD20011,P8220724,CUST50093,2023-08-15,272,Returned,WH007
ORD20096,P0723273,CUST50088,2023-06-06,487,Cancelled,WH004
ORD20064,P0255528,CUST50089,2023-08-18,106,Pending,WH002
ORD20099,P6142114,CUST50049,2023-08-31,143,Processing,WH003
ORD20015,P7802291,CUST50035,2023-09-16,102,Delivered,WH009
ORD20043,P8031018,CUST50079,2023-08-20,263,Shipped,WH010
ORD20014,P6217549,CUST50032,2023-06-22,452,Returned,WH005
ORD20077,P4438721,CUST50019,2023-06-22,31,Shipped,WH002
ORD20055,P1770944,CUST50003,2023-06-04,474,Shipped,WH008
ORD20094,P9930849,CUST50072,2023-09-22,226,Shipped,WH010
ORD20025,P9491934,CUST50046,2023-07-07,298,Processing,WH010
ORD20089,P6838080,CUST50066,2023-06-17,259,Pending,WH007
ORD20032,P2655487,CUST50049,2023-06-30,380,Cancelled,WH009
ORD20015,P0512251,CUST50090,2023-06-02,353,Delivered,WH008
ORD20080,P6194229,CUST50011,2023-08-31,266,Pending,WH007
ORD20019,P0977287,CUST50007,2023-06-10,90,Pending,WH006
ORD20084,P4870801,CUST50048,2023-07-01,224,Returned,WH001
ORD20069,P7259392,CUST50100,2023-08-25,318,Delivered,WH004
ORD20024,P9325906,CUST50002,2023-06-10,28,Cancelled,WH009
ORD20033,P4430693,CUST50009,2023-09-16,379,Delivered,WH010
ORD20035,P5638362,CUST50088,2023-06-26,225,Pending,WH006
ORD20044,P8387408,CUST50046,2023-08-28,192,Delivered,WH007
ORD20040,P6542291,CUST50085,2023-08-01,405,Returned,WH008
ORD20063,P2249614,CUST50076,2023-09-24,432,Pending,WH004
ORD20012,P0540645,CUST50099,2023-07-19,365,Delivered,WH008
ORD20066,P7034703,CUST50039,2023-06-08,333,Delivered,WH004
ORD20062,P3081711,CUST50051,2023-06-24,249,Pending,WH003
ORD20041,P3944970,CUST50060,2023-08-13,47,Returned,WH004
ORD20074,P1987762,CUST50063,2023-08-21,155,Delivered,WH001
ORD20071,P9070417,CUST50006,2023-08-01,392,Processing,WH007
ORD20000,P5460441,CUST50027,2023-07-15,379,Shipped,WH008
ORD20006,P4519374,CUST50024,2023-06-05,78,Returned,WH003
ORD20072,P1566629,CUST50088,2023-07-19,165,Pending,WH004
ORD20087,P2853260,CUST50064,2023-07-01,75,Pending,WH001
ORD20012,P5468528,CUST50045,2023-09-17,280,Delivered,WH008
ORD20032,P4448093,CUST50003,2023-06-30,470,Pending,WH004
ORD20080,P3034152,CUST50078,2023-07-12,336,Cancelled,WH006
ORD20021,P1341987,CUST50095,2023-09-25,135,Returned,WH008
ORD20071,P0196852,CUST50093,2023-09-21,84,Delivered,WH006
ORD20080,P1835162,CUST50077,2023-07-27,398,Shipped,WH007
ORD20039,P8387408,CUST50023,2023-07-07,71,Returned,WH007
ORD20078,P1003360,CUST50097,2023-07-03,121,Pending,WH010
ORD20013,P5435260,CUST50037,2023-08-21,454,Returned,WH005
ORD20048,P7397633,CUST50061,2023-06-25,37,Shipped,WH004
ORD20002,P8532852,CUST50033,2023-09-27,187,Pending,WH010
ORD20058,P6130029,CUST50019,2023-08-23,147,Pending,WH010
ORD20004,P1479156,CUST50033,2023-07-09,305,Returned,WH003
ORD20043,P4435860,CUST50042,2023-06-19,42,Pending,WH001
ORD20073,P7440115,CUST50045,2023-06-17,142,Processing,WH005
ORD20074,P0051664,CUST50083,2023-06-14,100,Delivered,WH010
ORD20081,P1868583,CUST50070,2023-08-05,331,Processing,WH009
ORD20061,P8368486,CUST50059,2023-09-21,131,Cancelled,WH004
ORD20027,P0196852,CUST50092,2023-09-01,410,Shipped,WH006
ORD20015,P3081711,CUST50099,2023-06-21,218,Shipped,WH003
ORD20009,P7870284,CUST50078,2023-06-07,450,Returned,WH010
ORD20078,P2362454,CUST50051,2023-06-05,105,Cancelled,WH004
ORD20043,P0893882,CUST50086,2023-06-23,415,Returned,WH005
ORD20057,P1754500,CUST50045,2023-07-14,360,Returned,WH010
ORD20033,P1999658,CUST50085,2023-07-28,55,Returned,WH002
ORD20062,P5719087,CUST50020,2023-08-03,239,Returned,WH009
ORD20040,P9163297,CUST50028,2023-06-10,113,Returned,WH004
ORD20058,P4344975,CUST50073,2023-09-12,112,Processing,WH001
ORD20094,P9712622,CUST50060,2023-06-25,375,Delivered,WH010
ORD20054,P7654875,CUST50083,2023-07-12,28,Pending,WH001
ORD20087,P0892985,CUST50050,2023-06-16,423,Processing,WH001
ORD20042,P9166849,CUST50093,2023-07-22,160,Processing,WH004
ORD20013,P9845578,CUST50057,2023-09-03,106,Processing,WH004
ORD20006,P9953270,CUST50028,2023-07-29,145,Shipped,WH009
ORD20072,P8221406,CUST50052,2023-07-08,138,Pending,WH008
ORD20064,P7262312,CUST50008,2023-07-13,419,Cancelled,WH008
ORD20071,P4152526,CUST50029,2023-06-14,91,Returned,WH001
ORD20033,P1913046,CUST50055,2023-09-22,272,Pending,WH004
ORD20068,P3257648,CUST50023,2023-06-03,281,Delivered,WH009
ORD20040,P8737025,CUST50086,2023-08-28,372,Cancelled,WH003
ORD20029,P7533793,CUST50077,2023-08-21,177,Pending,WH001
ORD20019,P1391444,CUST50078,2023-09-10,96,Shipped,WH001
ORD20017,P5181357,CUST50063,2023-09-16,344,Delivered,WH007
ORD20015,P1061780,CUST50001,2023-06-02,184,Pending,WH010
ORD20051,P4456796,CUST50015,2023-08-24,212,Processing,WH008
ORD20093,P7625782,CUST50031,2023-06-27,241,Processing,WH006
ORD20085,P5221281,CUST50053,2023-07-06,475,Shipped,WH001
ORD20020,P7131842,CUST50077,2023-07-09,65,Cancelled,WH004
ORD20071,P7988513,CUST50096,2023-09-06,106,Delivered,WH005
ORD20016,P2826962,CUST50078,2023-06-09,138,Processing,WH006
ORD20026,P9794059,CUST50087,2023-08-23,379,Shipped,WH004
ORD20071,P1031722,CUST50014,2023-07-08,425,Shipped,WH003
ORD20094,P8481798,CUST50020,2023-07-28,486,Shipped,WH007
ORD20087,P2008391,CUST50009,2023-09-16,49,Delivered,WH009
ORD20002,P1981154,CUST50073,2023-07-25,329,Returned,WH004
ORD20072,P4508866,CUST50064,2023-09-09,232,Shipped,WH005
ORD20044,P3441234,CUST50012,2023-08-02,278,Delivered,WH002
ORD20038,P7978774,CUST50052,2023-07-11,412,Cancelled,WH008
ORD20038,P1061780,CUST50078,2023-08-16,90,Pending,WH010
ORD20090,P8387408,CUST50031,2023-06-08,425,Delivered,WH007
ORD20079,P6736516,CUST50050,2023-06-12,448,Delivered,WH005
ORD20030,P6529424,CUST50024,2023-07-01,495,Cancelled,WH001
ORD20068,P1685661,CUST50027,2023-09-16,113,Processing,WH009
ORD20045,P9056575,CUST50081,2023-09-06,29,Cancelled,WH004
ORD20035,P4497088,CUST50003,2023-09-14,148,Processing,WH010
ORD20072,P7128292,CUST50043,2023-07-27,483,Shipped,WH001
ORD20038,P3016217,CUST50041,2023-07-10,446,Returned,WH005
ORD20021,P1376580,CUST50046,2023-08-13,244,Shipped,WH002
ORD20027,P0359580,CUST50074,2023-06-12,195,Returned,WH009
ORD20059,P0502134,CUST50006,2023-07-01,320,Cancelled,WH001
ORD20024,P0188749,CUST50081,2023-07-17,43,Shipped,WH008
ORD20018,P9254632,CUST50025,2023-06-14,349,Returned,WH006
ORD20014,P0510733,CUST50062,2023-06-21,445,Delivered,WH003
ORD20087,P5106752,CUST50077,2023-07-05,420,Pending,WH006
ORD20060,P0816432,CUST50018,2023-06-08,379,Returned,WH009
ORD20095,P7370677,CUST50057,2023-08-04,478,Cancelled,WH004
ORD20062,P4938518,CUST50027,2023-08-01,102,Returned,WH009
ORD20044,P6748481,CUST50083,2023-06-03,146,Delivered,WH008
ORD20072,P4650555,CUST50014,2023-07-24,246,Processing,WH010
ORD20071,P1341987,CUST50032,2023-09-26,125,Pending,WH008
ORD20066,P1764306,CUST50085,2023-08-05,211,Delivered,WH007
ORD20086,P9621163,CUST50099,2023-07-05,315,Shipped,WH008
ORD20039,P7918290,CUST50026,2023-08-11,110,Processing,WH004
ORD20087,P7802291,CUST50067,2023-09-24,493,Shipped,WH009
ORD20004,P2165536,CUST50060,2023-08-03,26,Returned,WH008
ORD20016,P7735495,CUST50068,2023-08-17,404,Cancelled,WH001
ORD20061,P7266293,CUST50070,2023-08-31,336,Cancelled,WH004
ORD20005,P6542291,CUST50021,2023-07-16,138,Processing,WH008
ORD20056,P7585131,CUST50017,2023-09-19,165,Pending,WH007
ORD20028,P9832065,CUST50048,2023-08-23,164,Shipped,WH008
ORD20013,P8881468,CUST50052,2023-08-23,98,Processing,WH002
ORD20049,P7717416,CUST50056,2023-06-07,341,Pending,WH010
ORD20072,P1764306,CUST50083,2023-08-14,484,Shipped,WH007
ORD20089,P7222714,CUST50039,2023-06-02,385,Shipped,WH005
ORD20076,P1083731,CUST50068,2023-09-27,446,Shipped,WH007
ORD20007,P3447098,CUST50089,2023-07-12,140,Cancelled,WH001
ORD20010,P3670450,CUST50052,2023-06-08,400,Cancelled,WH006
ORD20090,P3894200,CUST50060,2023-07-22,347,Shipped,WH007
ORD20046,P2716358,CUST50090,2023-06-25,67,Processing,WH001
ORD20009,P8031018,CUST50057,2023-07-01,99,Processing,WH010
ORD20099,P8938194,CUST50096,2023-09-19,58,Pending,WH003
ORD20071,P7918290,CUST50006,2023-09-28,249,Processing,WH004
ORD20051,P9252351,CUST50090,2023-06-10,261,Delivered,WH002
ORD20051,P0208779,CUST50006,2023-08-23,446,Cancelled,WH005
ORD20049,P7714950,CUST50014,2023-09-26,86,Pending,WH005
ORD20013,P1250254,CUST50006,2023-06-21,169,Processing,WH001
ORD20045,P0684405,CUST50081,2023-06-18,57,Returned,WH002
ORD20075,P3121614,CUST50091,2023-09-06,64,Shipped,WH003
ORD20036,P2779479,CUST50049,2023-06-06,217,Returned,WH006
ORD20051,P4035107,CUST50009,2023-09-25,272,Shipped,WH005
ORD20094,P2444881,CUST50077,2023-08-17,464,Cancelled,WH001
ORD20070,P5076799,CUST50092,2023-06-24,485,Processing,WH003
ORD20047,P9671811,CUST50019,2023-08-09,354,Shipped,WH008
ORD20052,P7717810,CUST50041,2023-08-29,20,Cancelled,WH005
ORD20062,P4268351,CUST50003,2023-06-14,316,Processing,WH002
ORD20077,P4112985,CUST50044,2023-09-04,328,Cancelled,WH008
ORD20046,P7083148,CUST50031,2023-09-23,241,Returned,WH008
ORD20033,P0000984,CUST50036,2023-09-25,438,Shipped,WH003
ORD20033,P9094416,CUST50026,2023-09-10,167,Pending,WH002
ORD20063,P1479156,CUST50089,2023-09-19,227,Returned,WH003
ORD20076,P0943596,CUST50080,2023-08-03,137,Pending,WH006
ORD20037,P7537637,CUST50092,2023-08-18,477,Returned,WH003
ORD20059,P5328432,CUST50049,2023-07-10,133,Shipped,WH009
ORD20002,P9423829,CUST50089,2023-07-22,326,Delivered,WH001
ORD20072,P0155065,CUST50028,2023-09-08,138,Delivered,WH001
ORD20031,P2988588,CUST50004,2023-06-16,420,Pending,WH007
ORD20030,P8532852,CUST50052,2023-07-06,334,Returned,WH010
ORD20024,P8723053,CUST50048,2023-06-18,74,Returned,WH010
ORD20079,P7533793,CUST50045,2023-09-24,86,Pending,WH001
ORD20020,P3379488,CUST50034,2023-06-25,256,Processing,WH009
ORD20065,P0431792,CUST50032,2023-07-06,187,Processing,WH004
ORD20014,P7288316,CUST50039,2023-08-28,406,Pending,WH009
ORD20018,P7083148,CUST50078,2023-09-27,116,Pending,WH008
ORD20097,P9593693,CUST50037,2023-07-20,344,Cancelled,WH008
ORD20093,P9305554,CUST50052,2023-08-22,128,Processing,WH003
ORD20016,P3096274,CUST50033,2023-09-29,251,Shipped,WH004
ORD20076,P7071939,CUST50084,2023-07-22,288,Processing,WH005
ORD20061,P7552959,CUST50001,2023-09-07,69,Pending,WH010
ORD20019,P8702852,CUST50086,2023-08-25,386,Shipped,WH003
ORD20058,P1342026,CUST50037,2023-07-13,157,Returned,WH006
ORD20041,P7715352,CUST50060,2023-07-16,169,Processing,WH003
ORD20038,P7717416,CUST50090,2023-06-22,358,Pending,WH010
ORD20052,P4047404,CUST50066,2023-08-05,72,Returned,WH002
ORD20066,P7257352,CUST50029,2023-06-25,101,Returned,WH001
ORD20082,P7960877,CUST50082,2023-08-18,166,Shipped,WH005
ORD20099,P3171692,CUST50006,2023-09-05,129,Shipped,WH001
ORD20052,P8708216,CUST50094,2023-08-03,463,Shipped,WH006
ORD20035,P4650154,CUST50098,2023-06-21,70,Delivered,WH002
ORD20084,P2624557,CUST50085,2023-06-01,179,Shipped,WH009
ORD20014,P1065284,CUST50088,2023-06-21,249,Shipped,WH009
ORD20061,P4866679,CUST50048,2023-06-19,477,Pending,WH004
ORD20091,P7960877,CUST50018,2023-06-06,159,Delivered,WH005
ORD20057,P9944663,CUST50078,2023-07-11,241,Shipped,WH002
ORD20093,P3417821,CUST50022,2023-08-20,220,Returned,WH007
ORD20004,P9724449,CUST50096,2023-06-14,238,Returned,WH005
ORD20092,P6324734,CUST50036,2023-08-13,141,Processing,WH004
ORD20046,P9676957,CUST50055,2023-07-31,25,Processing,WH007
ORD20060,P8784015,CUST50031,2023-07-30,474,Returned,WH009
ORD20080,P8841205,CUST50063,2023-08-27,192,Shipped,WH009
ORD20072,P5076799,CUST50058,2023-09-27,172,Delivered,WH003
ORD20028,P2165536,CUST50035,2023-06-17,381,Shipped,WH008
ORD20007,P2026065,CUST50038,2023-08-05,466,Shipped,WH006
ORD20025,P4879182,CUST50030,2023-09-09,54,Delivered,WH004
ORD20067,P7287974,CUST50078,2023-06-15,253,Cancelled,WH005
ORD20040,P8423051,CUST50022,2023-07-08,421,Shipped,WH008
ORD20090,P4560927,CUST50053,2023-06-22,190,Delivered,WH002
ORD20094,P5042791,CUST50036,2023-09-03,465,Pending,WH003
ORD20015,P5532200,CUST50038,2023-08-30,64,Pending,WH008
ORD20093,P2437139,CUST50067,2023-07-17,477,Returned,WH009
ORD20098,P2173450,CUST50022,2023-06-29,311,Processing,WH007
ORD20034,P5019562,CUST50002,2023-06-22,120,Delivered,WH006
ORD20072,P2548411,CUST50062,2023-08-06,158,Processing,WH004
ORD20021,P1451859,CUST50038,2023-06-12,260,Cancelled,WH002
ORD20066,P3628389,CUST50074,2023-09-05,454,Pending,WH008
ORD20033,P4436097,CUST50070,2023-07-07,70,Delivered,WH009
ORD20005,P5154490,CUST50019,2023-08-22,298,Delivered,WH002
ORD20043,P5477482,CUST50077,2023-07-21,362,Processing,WH004
ORD20068,P0319450,CUST50091,2023-08-11,471,Pending,WH008
ORD20080,P4866679,CUST50057,2023-07-21,213,Pending,WH004
ORD20012,P5008753,CUST50047,2023-06-13,47,Shipped,WH001
ORD20064,P9985531,CUST50084,2023-08-17,454,Returned,WH004
ORD20010,P6404183,CUST50029,2023-06-19,383,Processing,WH001
ORD20066,P4089558,CUST50086,2023-09-18,376,Cancelled,WH004
ORD20074,P7145062,CUST50089,2023-06-28,201,Delivered,WH006
ORD20019,P1963805,CUST50037,2023-07-21,361,Delivered,WH001
ORD20000,P1311057,CUST50075,2023-09-07,201,Delivered,WH010
ORD20020,P0884443,CUST50031,2023-06-01,496,Shipped,WH006
ORD20043,P4720633,CUST50065,2023-08-15,64,Processing,WH005
ORD20038,P1488457,CUST50034,2023-07-19,360,Cancelled,WH004
ORD20015,P1061780,CUST50020,2023-07-19,230,Cancelled,WH010
ORD20091,P7597650,CUST50015,2023-08-23,471,Cancelled,WH005
ORD20063,P7182990,CUST50027,2023-08-24,390,Cancelled,WH008
ORD20099,P9598387,CUST50055,2023-07-25,462,Processing,WH010
ORD20014,P5587393,CUST50031,2023-09-25,272,Pending,WH008
ORD20045,P6724836,CUST50012,2023-07-08,428,Pending,WH008
ORD20020,P7785081,CUST50027,2023-06-17,87,Cancelled,WH006
ORD20087,P8885134,CUST50091,2023-07-25,152,Delivered,WH007
ORD20034,P0769792,CUST50078,2023-07-16,89,Processing,WH004
ORD20044,P5950798,CUST50062,2023-07-15,147,Returned,WH001
ORD20081,P4076403,CUST50051,2023-08-16,439,Returned,WH006
ORD20037,P9198768,CUST50003,2023-09-26,462,Delivered,WH006
ORD20028,P2666748,CUST50061,2023-08-16,305,Pending,WH005
ORD20004,P1697268,CUST50044,2023-07-27,157,Processing,WH008
ORD20032,P5467500,CUST50096,2023-06-20,284,Pending,WH006
ORD20091,P0172791,CUST50006,2023-06-23,332,Cancelled,WH001
ORD20012,P6985080,CUST50015,2023-07-15,217,Pending,WH009
ORD20090,P4504331,CUST50011,2023-07-16,10,Returned,WH009
ORD20085,P7247611,CUST50070,2023-09-28,225,Shipped,WH009
ORD20058,P4519374,CUST50079,2023-06-19,24,Processing,WH003
ORD20077,P2003894,CUST50053,2023-06-07,500,Delivered,WH002
ORD20091,P4314072,CUST50051,2023-07-13,391,Processing,WH006
ORD20071,P4957351,CUST50016,2023-06-01,202,Shipped,WH007
ORD20008,P2281783,CUST50021,2023-08-26,428,Returned,WH005
ORD20086,P0196852,CUST50074,2023-08-25,105,Cancelled,WH006
ORD20074,P7000143,CUST50045,2023-09-14,229,Shipped,WH008
ORD20096,P2005479,CUST50096,2023-08-09,222,Delivered,WH010
ORD20040,P7214675,CUST50053,2023-06-12,108,Shipped,WH005
ORD20059,P9123931,CUST50038,2023-07-11,401,Processing,WH010
ORD20013,P1280387,CUST50073,2023-08-22,347,Shipped,WH002
ORD20036,P7409157,CUST50082,2023-07-27,261,Processing,WH010
ORD20080,P2306030,CUST50083,2023-08-05,372,Returned,WH006
ORD20028,P1172549,CUST50021,2023-07-09,382,Pending,WH010
ORD20074,P1805338,CUST50037,2023-07-24,221,Shipped,WH008
ORD20034,P3882878,CUST50044,2023-06-21,131,Shipped,WH005
ORD20057,P6257227,CUST50091,2023-06-21,52,Processing,WH005
ORD20021,P9985531,CUST50025,2023-07-06,422,Processing,WH004
ORD20013,P6073154,CUST50080,2023-09-01,261,Cancelled,WH009
ORD20018,P4068419,CUST50094,2023-08-31,65,Processing,WH007
ORD20054,P8396321,CUST50001,2023-09-24,154,Pending,WH006
ORD20029,P4062481,CUST50100,2023-06-07,40,Cancelled,WH009
ORD20056,P8536537,CUST50023,2023-09-29,396,Shipped,WH010
ORD20041,P9537575,CUST50035,2023-06-30,469,Returned,WH002
ORD20022,P1617963,CUST50042,2023-09-10,311,Cancelled,WH003
ORD20074,P8729404,CUST50008,2023-06-12,417,Returned,WH002
ORD20096,P3403471,CUST50076,2023-08-29,364,Delivered,WH005
ORD20034,P5224859,CUST50099,2023-06-11,98,Processing,WH006
ORD20013,P5401141,CUST50091,2023-07-20,413,Returned,WH008
ORD20094,P6194229,CUST50041,2023-08-10,290,Shipped,WH007
ORD20008,P4689626,CUST50085,2023-06-28,491,Pending,WH004
ORD20051,P9224418,CUST50012,2023-06-23,366,Delivered,WH004
ORD20021,P7493739,CUST50011,2023-08-28,129,Delivered,WH002
ORD20049,P6679699,CUST50011,2023-07-19,124,Cancelled,WH004
ORD20069,P6130029,CUST50078,2023-08-31,470,Processing,WH010
ORD20054,P3977593,CUST50037,2023-06-05,350,Cancelled,WH003
ORD20083,P6679699,CUST50046,2023-06-07,87,Pending,WH004
ORD20063,P9512219,CUST50048,2023-06-19,24,Returned,WH010
ORD20092,P3429451,CUST50067,2023-08-06,422,Shipped,WH008
ORD20068,P6848229,CUST50033,2023-08-28,355,Cancelled,WH010
ORD20039,P5966360,CUST50019,2023-09-27,293,Shipped,WH010
ORD20022,P3785810,CUST50048,2023-08-14,39,Returned,WH009
ORD20006,P3874453,CUST50066,2023-06-07,291,Cancelled,WH003
ORD20029,P9646654,CUST50042,2023-06-28,491,Returned,WH009
ORD20055,P0684405,CUST50065,2023-07-28,457,Processing,WH002
ORD20016,P9561056,CUST50023,2023-09-18,312,Shipped,WH009
ORD20085,P0223000,CUST50026,2023-08-26,73,Delivered,WH008
ORD20074,P9651553,CUST50035,2023-07-27,128,Pending,WH005
ORD20099,P9166849,CUST50034,2023-06-01,103,Cancelled,WH004
ORD20015,P8702852,CUST50018,2023-06-04,35,Processing,WH003
ORD20009,P8198332,CUST50060,2023-09-08,74,Pending,WH006
ORD20038,P8240138,CUST50034,2023-06-27,72,Cancelled,WH003
ORD20031,P9441467,CUST50013,2023-07-18,24,Cancelled,WH010
ORD20032,P4658023,CUST50093,2023-07-10,322,Shipped,WH005
ORD20056,P7784776,CUST50009,2023-08-03,112,Processing,WH009
ORD20026,P2716358,CUST50062,2023-06-20,356,Pending,WH001
ORD20098,P5468528,CUST50065,2023-07-09,16,Cancelled,WH008
ORD20064,P2443265,CUST50096,2023-09-26,499,Pending,WH001
ORD20064,P9405543,CUST50022,2023-08-31,243,Processing,WH010
ORD20043,P7176174,CUST50030,2023-08-21,169,Returned,WH007
ORD20080,P0679619,CUST50052,2023-09-16,33,Shipped,WH002
ORD20086,P0878986,CUST50056,2023-07-06,189,Pending,WH001
ORD20019,P8368486,CUST50072,2023-08-05,353,Delivered,WH004
ORD20016,P7784776,CUST50056,2023-07-16,426,Processing,WH009
ORD20067,P8742877,CUST50098,2023-08-10,120,Cancelled,WH008
ORD20091,P7131842,CUST50045,2023-07-15,496,Shipped,WH004
ORD20009,P7552959,CUST50079,2023-08-08,94,Pending,WH010
ORD20044,P9999893,CUST50010,2023-09-26,387,Returned,WH010
ORD20000,P8352145,CUST50075,2023-08-02,422,Delivered,WH010
ORD20096,P3062233,CUST50083,2023-09-01,42,Shipped,WH006
ORD20023,P2853294,CUST50092,2023-09-28,245,Cancelled,WH002
ORD20071,P0609663,CUST50083,2023-08-05,327,Shipped,WH006
ORD20099,P8198332,CUST50064,2023-06-03,443,Delivered,WH006
ORD20067,P0943596,CUST50064,2023-06-29,280,Returned,WH006
ORD20067,P2892147,CUST50064,2023-08-04,27,Delivered,WH002
ORD20005,P7916028,CUST50021,2023-09-26,392,Delivered,WH002
ORD20082,P3311459,CUST50050,2023-08-18,188,Processing,WH004
ORD20023,P3257648,CUST50069,2023-09-14,273,Delivered,WH009
ORD20036,P2093898,CUST50059,2023-07-18,354,Shipped,WH007
ORD20044,P5638362,CUST50050,2023-06-27,436,Processing,WH006
ORD20004,P7567203,CUST50078,2023-06-23,372,Returned,WH002
ORD20088,P0544895,CUST50062,2023-08-21,338,Cancelled,WH001
ORD20057,P8319099,CUST50038,2023-08-25,359,Returned,WH008
ORD20041,P9953270,CUST50075,2023-09-18,164,Cancelled,WH009
ORD20038,P7996575,CUST50002,2023-09-29,270,Processing,WH009
ORD20034,P7717810,CUST50037,2023-07-28,214,Pending,WH005
ORD20094,P0952576,CUST50029,2023-09-13,99,Pending,WH010
ORD20033,P9002210,CUST50045,2023-08-26,256,Processing,WH004
ORD20009,P2012182,CUST50005,2023-06-16,484,Cancelled,WH006
ORD20064,P3944156,CUST50080,2023-07-01,295,Returned,WH010
ORD20002,P1597732,CUST50043,2023-08-03,432,Pending,WH007
ORD20047,P4756761,CUST50027,2023-08-13,17,Processing,WH007
ORD20034,P7823008,CUST50090,2023-06-29,341,Cancelled,WH005
ORD20070,P0993227,CUST50047,2023-09-29,437,Delivered,WH007
ORD20067,P9423829,CUST50062,2023-07-10,345,Returned,WH001
ORD20090,P6324734,CUST50082,2023-07-20,351,Returned,WH004
ORD20063,P4756761,CUST50051,2023-06-30,39,Processing,WH007
ORD20021,P3941001,CUST50025,2023-07-02,23,Pending,WH008
ORD20061,P9944663,CUST50030,2023-09-19,280,Processing,WH002
ORD20090,P6436206,CUST50045,2023-06-21,475,Pending,WH004
ORD20007,P7397633,CUST50083,2023-07-17,109,Shipped,WH004
ORD20032,P3016217,CUST50087,2023-07-30,207,Processing,WH005
ORD20081,P1341987,CUST50036,2023-09-14,140,Returned,WH008
ORD20080,P3737323,CUST50086,2023-06-23,109,Cancelled,WH006
ORD20012,P2612767,CUST50058,2023-08-30,46,Delivered,WH003
ORD20097,P2504467,CUST50084,2023-09-12,460,Processing,WH006
ORD20051,P9123931,CUST50001,2023-08-17,341,Shipped,WH010
ORD20072,P7302974,CUST50029,2023-09-17,323,Delivered,WH006
ORD20068,P3785810,CUST50099,2023-07-13,275,Shipped,WH009
ORD20070,P0537090,CUST50033,2023-09-09,27,Cancelled,WH006
ORD20093,P6392155,CUST50095,2023-09-29,499,Shipped,WH007
ORD20077,P0977287,CUST50064,2023-07-11,288,Delivered,WH006
ORD20084,P0893882,CUST50064,2023-08-13,234,Pending,WH005
ORD20042,P3447098,CUST50012,2023-07-10,417,Pending,WH001
ORD20059,P3417821,CUST50072,2023-08-12,298,Pending,WH007
ORD20043,P2162272,CUST50100,2023-07-07,218,Processing,WH005
ORD20004,P1521990,CUST50022,2023-08-27,446,Returned,WH005
ORD20043,P5584486,CUST50008,2023-07-23,431,Pending,WH006
ORD20011,P1999658,CUST50023,2023-08-03,147,Delivered,WH002
ORD20006,P7654875,CUST50013,2023-06-04,59,Pending,WH001
ORD20096,P0562903,CUST50081,2023-06-18,134,Shipped,WH010
ORD20052,P6143198,CUST50084,2023-07-21,82,Pending,WH010
ORD20030,P8938194,CUST50091,2023-09-13,289,Pending,WH003
ORD20053,P3775270,CUST50014,2023-06-02,480,Returned,WH008
ORD20044,P6317200,CUST50073,2023-09-11,182,Returned,WH009
ORD20031,P0952576,CUST50084,2023-08-08,34,Pending,WH010
ORD20016,P2184200,CUST50094,2023-06-28,60,Returned,WH010
ORD20097,P1801101,CUST50006,2023-07-14,405,Returned,WH003
ORD20027,P0512251,CUST50088,2023-06-21,30,Cancelled,WH008
ORD20017,P5978525,CUST50013,2023-09-20,261,Delivered,WH010
ORD20090,P0341760,CUST50057,2023-08-28,389,Returned,WH004
ORD20092,P1285802,CUST50010,2023-09-08,278,Shipped,WH009
ORD20086,P4456796,CUST50042,2023-08-12,402,Delivered,WH008
ORD20002,P3062233,CUST50010,2023-08-06,173,Pending,WH006
ORD20004,P8760882,CUST50079,2023-08-18,169,Processing,WH005
ORD20086,P2521121,CUST50009,2023-07-16,306,Shipped,WH003
ORD20024,P0319450,CUST50013,2023-09-16,494,Pending,WH008
ORD20079,P1561798,CUST50003,2023-08-23,331,Pending,WH006
ORD20057,P4533158,CUST50087,2023-09-08,229,Shipped,WH006
ORD20078,P1080660,CUST50049,2023-08-07,298,Delivered,WH003
ORD20072,P6513224,CUST50027,2023-06-05,315,Processing,WH003
ORD20057,P7578672,CUST50002,2023-06-16,120,Delivered,WH003
ORD20022,P1208174,CUST50073,2023-07-01,454,Cancelled,WH009
ORD20008,P9832065,CUST50082,2023-07-19,438,Processing,WH008
ORD20096,P3819351,CUST50032,2023-09-10,98,Processing,WH007
ORD20011,P3569050,CUST50005,2023-09-13,135,Returned,WH004
ORD20069,P8521365,CUST50048,2023-08-25,457,Returned,WH007
ORD20012,P1963805,CUST50020,2023-06-03,293,Shipped,WH001
ORD20021,P9377954,CUST50017,2023-07-31,496,Shipped,WH001
ORD20075,P0642621,CUST50022,2023-09-11,90,Shipped,WH010
ORD20042,P1624826,CUST50093,2023-07-04,119,Cancelled,WH005
ORD20098,P1595338,CUST50060,2023-07-07,44,Processing,WH010
ORD20067,P8936821,CUST50021,2023-09-06,113,Pending,WH007
ORD20084,P4446671,CUST50045,2023-07-03,215,Shipped,WH001
ORD20047,P1031722,CUST50020,2023-08-03,120,Delivered,WH003
ORD20078,P2792555,CUST50078,2023-08-23,184,Delivered,WH008
ORD20021,P6309986,CUST50005,2023-09-02,213,Delivered,WH008
ORD20071,P7017569,CUST50085,2023-06-02,458,Processing,WH007
ORD20000,P9720251,CUST50070,2023-08-11,381,Cancelled,WH009
ORD20080,P3429451,CUST50092,2023-08-14,146,Shipped,WH008
ORD20004,P2437139,CUST50032,2023-08-04,276,Cancelled,WH009
ORD20024,P6430802,CUST50030,2023-06-10,139,Cancelled,WH004
ORD20089,P7552959,CUST50080,2023-06-26,189,Processing,WH010
ORD20005,P2003894,CUST50053,2023-08-18,351,Pending,WH002
ORD20060,P4533158,CUST50028,2023-07-12,66,Delivered,WH006
ORD20042,P5978525,CUST50045,2023-07-24,71,Shipped,WH010
ORD20058,P3137055,CUST50088,2023-07-26,475,Cancelled,WH006
ORD20084,P8885134,CUST50053,2023-08-26,444,Pending,WH007
ORD20011,P4436097,CUST50013,2023-06-16,157,Delivered,WH009
ORD20014,P9350864,CUST50048,2023-06-16,455,Pending,WH005
ORD20089,P7289224,CUST50100,2023-06-06,47,Processing,WH005
ORD20051,P0977287,CUST50099,2023-07-17,310,Cancelled,WH006
ORD20037,P5698372,CUST50037,2023-08-20,347,Pending,WH007
ORD20035,P4446671,CUST50009,2023-08-10,234,Cancelled,WH001
ORD20032,P8128664,CUST50040,2023-09-01,427,Returned,WH001
ORD20050,P2475027,CUST50033,2023-09-10,336,Shipped,WH008
ORD20039,P5841615,CUST50046,2023-07-27,307,Pending,WH006
ORD20051,P0884443,CUST50081,2023-07-26,306,Processing,WH006
ORD20066,P5963367,CUST50065,2023-06-02,403,Cancelled,WH005
ORD20081,P4650154,CUST50038,2023-08-22,407,Cancelled,WH002
ORD20014,P8885134,CUST50031,2023-07-31,134,Processing,WH007
ORD20006,P4866679,CUST50030,2023-06-05,205,Shipped,WH004
ORD20033,P6985080,CUST50009,2023-09-12,475,Processing,WH009
ORD20065,P9405543,CUST50099,2023-08-12,154,Delivered,WH010
ORD20066,P6472047,CUST50035,2023-09-28,251,Processing,WH010
ORD20029,P0576052,CUST50065,2023-09-26,212,Returned,WH003
ORD20051,P6073154,CUST50035,2023-08-01,166,Pending,WH009
ORD20044,P2443265,CUST50061,2023-09-25,288,Delivered,WH001
ORD20056,P3309251,CUST50030,2023-06-04,147,Pending,WH010
ORD20098,P1609773,CUST50009,2023-08-25,43,Pending,WH006
ORD20055,P2074979,CUST50022,2023-06-25,50,Shipped,WH002
ORD20076,P3507441,CUST50025,2023-07-06,305,Processing,WH009
ORD20050,P0337111,CUST50008,2023-07-10,486,Processing,WH007
ORD20094,P8723053,CUST50048,2023-09-13,159,Pending,WH010
ORD20070,P8821058,CUST50036,2023-07-30,67,Returned,WH007
ORD20096,P9198768,CUST50086,2023-08-27,117,Cancelled,WH006
ORD20073,P5865103,CUST50047,2023-08-22,34,Pending,WH005
ORD20023,P9377954,CUST50096,2023-09-20,108,Delivered,WH001
ORD20031,P2853260,CUST50008,2023-06-15,446,Cancelled,WH001
ORD20003,P0540645,CUST50002,2023-07-29,464,Processing,WH008
ORD20081,P0255528,CUST50019,2023-09-12,490,Processing,WH002
ORD20000,P2918328,CUST50077,2023-09-25,429,Cancelled,WH005
ORD20037,P5524945,CUST50059,2023-06-23,354,Processing,WH009
ORD20050,P6388654,CUST50068,2023-09-01,464,Cancelled,WH008
ORD20070,P7196345,CUST50002,2023-07-10,500,Processing,WH001
ORD20053,P4047404,CUST50067,2023-09-07,256,Cancelled,WH002
ORD20086,P3721402,CUST50062,2023-09-24,257,Pending,WH010
ORD20073,P7149206,CUST50094,2023-06-28,328,Processing,WH005
ORD20059,P0196852,CUST50042,2023-08-28,402,Pending,WH006
ORD20024,P5814569,CUST50002,2023-09-22,85,Shipped,WH006
ORD20087,P7486683,CUST50059,2023-07-17,225,Pending,WH007
ORD20005,P6928153,CUST50033,2023-07-28,332,Shipped,WH010
ORD20090,P7654875,CUST50064,2023-09-19,430,Shipped,WH001
ORD20078,P5345223,CUST50096,2023-09-25,251,Returned,WH006
ORD20068,P2546906,CUST50077,2023-06-28,131,Shipped,WH001
ORD20026,P8556866,CUST50010,2023-06-26,76,Shipped,WH008
ORD20078,P7486683,CUST50004,2023-09-26,392,Processing,WH007
ORD20042,P4187780,CUST50004,2023-06-08,59,Pending,WH006
ORD20091,P2521121,CUST50021,2023-07-04,197,Pending,WH003
ORD20059,P0510733,CUST50091,2023-07-09,343,Returned,WH003
ORD20039,P2370429,CUST50029,2023-07-16,467,Delivered,WH010
ORD20036,P7996575,CUST50008,2023-08-22,320,Processing,WH009
ORD20018,P2585100,CUST50010,2023-09-20,341,Returned,WH001
ORD20055,P7445929,CUST50030,2023-08-21,433,Processing,WH002
ORD20005,P5468528,CUST50052,2023-08-01,232,Cancelled,WH008
ORD20040,P8212883,CUST50024,2023-08-08,385,Delivered,WH010
ORD20044,P6370288,CUST50099,2023-07-25,456,Returned,WH001
ORD20083,P9489899,CUST50035,2023-09-24,322,Shipped,WH004
ORD20005,P6317910,CUST50024,2023-09-21,258,Cancelled,WH008
ORD20077,P9561056,CUST50096,2023-06-18,227,Returned,WH009
ORD20003,P4756761,CUST50012,2023-09-09,79,Pending,WH007
ORD20080,P3441234,CUST50060,2023-09-19,356,Cancelled,WH002
ORD20012,P8178159,CUST50044,2023-08-17,36,Returned,WH001
ORD20034,P3171865,CUST50070,2023-08-03,10,Processing,WH003
ORD20005,P6206388,CUST50094,2023-07-12,475,Pending,WH007
ORD20054,P5018540,CUST50100,2023-07-15,87,Processing,WH001
ORD20027,P2093898,CUST50057,2023-09-15,121,Processing,WH007
ORD20045,P2945196,CUST50045,2023-09-24,481,Pending,WH005
ORD20026,P0916732,CUST50039,2023-08-26,404,Pending,WH005
ORD20068,P1342026,CUST50004,2023-07-25,224,Processing,WH006
ORD20052,P2961887,CUST50077,2023-06-13,391,Processing,WH010
ORD20046,P1479156,CUST50074,2023-08-18,183,Delivered,WH003
ORD20021,P9627930,CUST50031,2023-09-19,128,Processing,WH008
ORD20058,P2881249,CUST50073,2023-09-25,443,Cancelled,WH004
ORD20055,P8538507,CUST50021,2023-07-06,352,Processing,WH008
ORD20052,P8086508,CUST50066,2023-06-27,155,Pending,WH007
ORD20004,P0617861,CUST50030,2023-06-21,19,Shipped,WH002
ORD20066,P0500746,CUST50087,2023-08-24,265,Cancelled,WH010
ORD20053,P1801101,CUST50031,2023-06-11,359,Cancelled,WH003
ORD20021,P7392270,CUST50077,2023-07-08,348,Delivered,WH001
ORD20053,P8212883,CUST50074,2023-06-27,498,Shipped,WH010
ORD20000,P4341579,CUST50010,2023-06-18,175,Returned,WH002
ORD20067,P3403471,CUST50065,2023-06-15,257,Returned,WH005
ORD20064,P7266293,CUST50065,2023-09-27,247,Cancelled,WH004
ORD20053,P3436785,CUST50082,2023-08-12,297,Returned,WH007
ORD20044,P7062969,CUST50084,2023-09-24,120,Processing,WH002
ORD20020,P5865103,CUST50039,2023-06-05,330,Processing,WH005
ORD20015,P3464969,CUST50049,2023-07-04,104,Shipped,WH006
ORD20093,P0745767,CUST50066,2023-06-19,153,Cancelled,WH007
ORD20013,P8319099,CUST50095,2023-08-03,437,Returned,WH008
ORD20074,P1453055,CUST50090,2023-06-09,292,Processing,WH001
ORD20051,P3597841,CUST50088,2023-06-28,457,Delivered,WH002
ORD20067,P7288316,CUST50054,2023-06-08,282,Pending,WH009
ORD20046,P1999658,CUST50079,2023-07-23,463,Delivered,WH002
ORD20009,P2619662,CUST50077,2023-09-19,108,Shipped,WH004
ORD20021,P2074979,CUST50084,2023-07-21,373,Returned,WH002
ORD20000,P7536570,CUST50018,2023-08-02,374,Processing,WH001
ORD20024,P8818959,CUST50081,2023-09-02,116,Pending,WH004
ORD20099,P3286897,CUST50060,2023-09-07,473,Pending,WH005
ORD20004,P3628389,CUST50046,2023-06-07,128,Pending,WH008
ORD20055,P0155065,CUST50047,2023-08-18,87,Delivered,WH001
ORD20007,P2165536,CUST50025,2023-06-02,410,Processing,WH008
ORD20068,P7251269,CUST50029,2023-09-05,121,Processing,WH009
ORD20066,P3432590,CUST50087,2023-06-24,92,Pending,WH001
ORD20060,P7717416,CUST50052,2023-07-18,477,Delivered,WH010
ORD20068,P9999893,CUST50077,2023-07-24,219,Cancelled,WH010
ORD20009,P1904778,CUST50091,2023-07-30,286,Cancelled,WH003
ORD20097,P6688658,CUST50049,2023-07-06,94,Processing,WH006
ORD20028,P0475644,CUST50032,2023-09-26,304,Processing,WH002
ORD20001,P1625296,CUST50066,2023-07-31,134,Pending,WH008
ORD20065,P8383153,CUST50085,2023-06-20,16,Returned,WH001
ORD20084,P7131842,CUST50078,2023-06-29,472,Pending,WH004
ORD20067,P8560279,CUST50034,2023-08-20,105,Pending,WH001
ORD20050,P5865103,CUST50049,2023-06-01,27,Processing,WH005
ORD20062,P6793562,CUST50090,2023-08-05,282,Processing,WH005
ORD20011,P8556866,CUST50097,2023-07-11,328,Processing,WH008
ORD20007,P0483742,CUST50010,2023-06-28,86,Returned,WH003
ORD20028,P1567825,CUST50035,2023-09-12,202,Pending,WH007
ORD20056,P0223000,CUST50014,2023-06-24,58,Processing,WH008
ORD20047,P5686119,CUST50066,2023-06-18,230,Returned,WH009
ORD20091,P7735495,CUST50076,2023-06-17,141,Shipped,WH001
ORD20071,P7424258,CUST50080,2023-07-11,388,Returned,WH004
ORD20036,P9953270,CUST50043,2023-07-31,405,Shipped,WH009
ORD20075,P7870284,CUST50071,2023-08-24,204,Processing,WH010
ORD20029,P4502439,CUST50080,2023-08-15,367,Cancelled,WH005
ORD20053,P0483742,CUST50035,2023-06-01,326,Pending,WH003
ORD20052,P7682909,CUST50043,2023-09-16,166,Processing,WH004
ORD20077,P9067388,CUST50026,2023-07-03,314,Processing,WH006
ORD20009,P4633491,CUST50007,2023-07-06,245,Returned,WH009
ORD20093,P5271518,CUST50060,2023-06-03,72,Processing,WH008
ORD20007,P0839615,CUST50020,2023-09-22,195,Cancelled,WH007
ORD20041,P9213460,CUST50039,2023-06-03,54,Pending,WH005
ORD20099,P2030562,CUST50065,2023-09-15,312,Processing,WH009
ORD20071,P4650555,CUST50088,2023-09-29,215,Pending,WH010
ORD20045,P0447446,CUST50070,2023-09-11,10,Cancelled,WH006
ORD20047,P0429064,CUST50054,2023-08-01,248,Cancelled,WH005
ORD20090,P7552959,CUST50039,2023-06-17,124,Processing,WH010
ORD20028,P9252351,CUST50031,2023-08-29,426,Cancelled,WH002
ORD20097,P6130029,CUST50060,2023-06-04,449,Returned,WH010
ORD20079,P5524945,CUST50038,2023-06-14,469,Delivered,WH009
ORD20023,P6511125,CUST50008,2023-08-16,331,Pending,WH009
ORD20064,P6388383,CUST50002,2023-08-18,180,Cancelled,WH009
ORD20054,P3785810,CUST50011,2023-07-13,110,Shipped,WH009
ORD20000,P3061413,CUST50078,2023-08-07,296,Pending,WH004
ORD20056,P0377468,CUST50050,2023-06-11,17,Returned,WH003
ORD20045,P5828242,CUST50077,2023-08-28,269,Cancelled,WH008
ORD20029,P7918290,CUST50021,2023-08-23,407,Shipped,WH004
ORD20063,P9485407,CUST50051,2023-08-25,399,Processing,WH009
ORD20021,P2655487,CUST50077,2023-09-07,176,Pending,WH009
ORD20057,P2345123,CUST50023,2023-09-22,415,Cancelled,WH010
ORD20016,P7262312,CUST50006,2023-09-16,488,Returned,WH008
ORD20075,P6083346,CUST50026,2023-09-28,358,Pending,WH010
ORD20088,P9598387,CUST50081,2023-08-20,190,Pending,WH010
ORD20020,P8702852,CUST50010,2023-08-30,128,Shipped,WH003
ORD20017,P5059442,CUST50059,2023-06-11,28,Returned,WH004
ORD20003,P3083515,CUST50073,2023-06-24,397,Returned,WH008
ORD20048,P9094416,CUST50045,2023-07-17,123,Cancelled,WH002
ORD20006,P3903754,CUST50021,2023-08-12,116,Delivered,WH010
ORD20032,P9953270,CUST50053,2023-06-07,454,Pending,WH009
ORD20049,P9635777,CUST50036,2023-06-04,227,Delivered,WH010
ORD20081,P1423985,CUST50080,2023-06-02,148,Cancelled,WH004
ORD20080,P0337111,CUST50004,2023-07-18,121,Returned,WH007
ORD20034,P1567825,CUST50076,2023-06-23,455,Cancelled,WH007
ORD20063,P5387465,CUST50045,2023-06-26,274,Returned,WH004
ORD20071,P2444881,CUST50099,2023-08-11,289,Shipped,WH001
ORD20034,P7625782,CUST50017,2023-08-09,411,Processing,WH006
ORD20002,P8957561,CUST50014,2023-06-17,289,Pending,WH002
ORD20034,P9095545,CUST50070,2023-06-30,368,Cancelled,WH007
ORD20051,P0941266,CUST50094,2023-08-24,288,Pending,WH008
ORD20024,P9845578,CUST50008,2023-06-17,478,Returned,WH004
ORD20052,P1697268,CUST50025,2023-07-24,465,Pending,WH008
ORD20022,P5134906,CUST50024,2023-08-13,98,Delivered,WH008
ORD20065,P1408003,CUST50049,2023-08-24,304,Returned,WH001
ORD20007,P4678776,CUST50059,2023-09-01,25,Shipped,WH008
ORD20068,P9488078,CUST50082,2023-06-14,65,Pending,WH010
ORD20012,P3499378,CUST50032,2023-08-12,414,Shipped,WH003
ORD20062,P0723273,CUST50050,2023-06-14,375,Shipped,WH004
ORD20065,P7552959,CUST50033,2023-07-13,260,Shipped,WH010
ORD20015,P9004059,CUST50015,2023-09-23,331,Cancelled,WH008
ORD20013,P5631128,CUST50025,2023-06-11,140,Returned,WH005
ORD20063,P7988513,CUST50080,2023-06-08,62,Delivered,WH005
ORD20074,P1999658,CUST50005,2023-06-03,288,Pending,WH002
ORD20054,P3727741,CUST50057,2023-07-13,489,Cancelled,WH010
ORD20083,P1065284,CUST50028,2023-09-16,477,Delivered,WH009
ORD20060,P6064607,CUST50075,2023-08-09,290,Processing,WH001
ORD20023,P1016013,CUST50047,2023-06-18,28,Cancelled,WH007
ORD20075,P9213460,CUST50010,2023-06-25,81,Shipped,WH005
ORD20014,P3750456,CUST50043,2023-07-22,144,Returned,WH005
ORD20000,P1617963,CUST50082,2023-06-11,80,Pending,WH003
ORD20023,P6826265,CUST50007,2023-08-07,467,Delivered,WH005
ORD20004,P7062969,CUST50003,2023-07-10,240,Shipped,WH002
ORD20076,P4771738,CUST50046,2023-07-02,388,Delivered,WH004
ORD20045,P0188749,CUST50071,2023-08-08,55,Returned,WH008
ORD20069,P4952868,CUST50076,2023-09-27,289,Cancelled,WH010
ORD20088,P0756122,CUST50016,2023-06-05,208,Cancelled,WH002
ORD20041,P8523971,CUST50065,2023-09-18,273,Returned,WH001
ORD20002,P7048057,CUST50058,2023-09-15,97,Pending,WH006
ORD20026,P0941869,CUST50030,2023-07-24,497,Cancelled,WH002
ORD20078,P1936258,CUST50089,2023-06-11,276,Processing,WH005
ORD20046,P1768683,CUST50024,2023-06-11,135,Returned,WH007
ORD20084,P1736370,CUST50047,2023-06-05,447,Delivered,WH007
ORD20040,P9253343,CUST50078,2023-09-25,226,Shipped,WH004
ORD20081,P7578672,CUST50091,2023-08-13,168,Processing,WH003
ORD20094,P6392155,CUST50093,2023-06-14,454,Delivered,WH007
ORD20066,P2716358,CUST50098,2023-07-27,79,Shipped,WH001
ORD20095,P1196534,CUST50029,2023-06-22,419,Delivered,WH006
ORD20054,P8319099,CUST50094,2023-09-25,70,Pending,WH008
ORD20010,P6038787,CUST50018,2023-09-05,281,Delivered,WH009
ORD20065,P0617861,CUST50051,2023-07-28,348,Cancelled,WH002
ORD20087,P2961887,CUST50040,2023-08-25,37,Processing,WH010
ORD20032,P2474147,CUST50040,2023-07-27,173,Cancelled,WH005
ORD20002,P0993227,CUST50045,2023-07-03,32,Pending,WH007
ORD20012,P9380842,CUST50068,2023-09-26,181,Returned,WH005
ORD20038,P0463610,CUST50100,2023-06-11,86,Cancelled,WH006
ORD20077,P6826956,CUST50099,2023-07-18,55,Pending,WH002
ORD20032,P2766537,CUST50091,2023-08-10,492,Delivered,WH003
ORD20061,P3819351,CUST50056,2023-07-05,171,Returned,WH007
ORD20079,P8352145,CUST50071,2023-06-13,463,Returned,WH010
ORD20032,P9923181,CUST50075,2023-06-10,72,Processing,WH005
ORD20084,P8956784,CUST50079,2023-07-06,295,Cancelled,WH010
ORD20085,P1453055,CUST50066,2023-06-02,245,Returned,WH001
ORD20013,P7241808,CUST50089,2023-08-18,204,Cancelled,WH010
ORD20065,P7691288,CUST50028,2023-09-16,331,Delivered,WH008
ORD20002,P2668075,CUST50089,2023-07-03,340,Cancelled,WH005
ORD20093,P6529424,CUST50080,2023-06-10,161,Returned,WH001
ORD20000,P8132590,CUST50058,2023-09-25,105,Returned,WH006
ORD20026,P8240138,CUST50072,2023-06-16,407,Delivered,WH003
ORD20070,P9181511,CUST50010,2023-09-12,292,Delivered,WH005
ORD20017,P3499441,CUST50025,2023-06-02,213,Returned,WH007
ORD20004,P8577912,CUST50055,2023-07-09,194,Pending,WH008
ORD20043,P3703226,CUST50091,2023-07-15,311,Delivered,WH001
ORD20052,P2097176,CUST50028,2023-09-07,464,Returned,WH001
ORD20088,P7988513,CUST50053,2023-07-03,108,Returned,WH005
ORD20008,P2853294,CUST50036,2023-08-10,119,Delivered,WH002
ORD20088,P6973571,CUST50037,2023-07-22,447,Returned,WH009
ORD20035,P3597841,CUST50076,2023-07-14,65,Delivered,WH002
ORD20041,P8303716,CUST50039,2023-08-08,198,Cancelled,WH009
ORD20004,P2475316,CUST50094,2023-08-14,169,Cancelled,WH009
ORD20064,P0745767,CUST50073,2023-06-08,484,Cancelled,WH007
ORD20029,P0562903,CUST50038,2023-07-06,268,Returned,WH010
ORD20001,P6513224,CUST50084,2023-06-05,117,Cancelled,WH003
ORD20054,P8352145,CUST50019,2023-09-20,294,Pending,WH010
ORD20053,P5865103,CUST50014,2023-08-13,483,Returned,WH005
ORD20012,P6847412,CUST50087,2023-07-02,54,Cancelled,WH009
ORD20081,P3436785,CUST50043,2023-09-02,98,Returned,WH007
ORD20095,P1196534,CUST50051,2023-07-21,161,Cancelled,WH006
ORD20099,P1341987,CUST50031,2023-09-18,130,Pending,WH008
ORD20000,P9713410,CUST50015,2023-08-27,52,Delivered,WH004
ORD20059,P2030562,CUST50091,2023-07-29,290,Delivered,WH009
ORD20027,P8022016,CUST50046,2023-06-21,109,Returned,WH009
ORD20033,P3721402,CUST50074,2023-08-28,230,Shipped,WH010
ORD20092,P0609663,CUST50005,2023-09-11,323,Delivered,WH006
ORD20077,P6090957,CUST50041,2023-08-14,496,Cancelled,WH007
ORD20024,P3159998,CUST50065,2023-09-22,368,Processing,WH001
ORD20055,P0679619,CUST50026,2023-07-23,468,Processing,WH002
ORD20095,P9923181,CUST50083,2023-06-22,215,Shipped,WH005
ORD20014,P6289625,CUST50077,2023-08-14,329,Shipped,WH009
ORD20033,P3464969,CUST50071,2023-09-01,427,Pending,WH006
ORD20083,P8531718,CUST50085,2023-06-20,454,Cancelled,WH010
ORD20012,P5128881,CUST50002,2023-06-29,453,Delivered,WH006
ORD20025,P9181511,CUST50049,2023-06-09,456,Pending,WH005
ORD20027,P5524945,CUST50094,2023-06-21,166,Pending,WH009
ORD20063,P7714950,CUST50005,2023-09-01,330,Cancelled,WH005
ORD20047,P4633491,CUST50084,2023-07-09,322,Processing,WH009
ORD20017,P6472047,CUST50002,2023-09-13,65,Delivered,WH010
ORD20062,P4026362,CUST50055,2023-08-18,362,Cancelled,WH009
ORD20072,P4131156,CUST50070,2023-08-27,85,Processing,WH002
ORD20058,P8479497,CUST50074,2023-06-20,256,Processing,WH006
ORD20021,P3959562,CUST50095,2023-08-16,138,Cancelled,WH005
ORD20052,P6151933,CUST50072,2023-08-31,497,Processing,WH003
ORD20070,P6953451,CUST50073,2023-08-28,475,Shipped,WH009
ORD20059,P7424258,CUST50076,2023-06-03,299,Cancelled,WH004
ORD20007,P1768683,CUST50022,2023-06-20,51,Cancelled,WH007
ORD20098,P0577457,CUST50062,2023-09-25,368,Cancelled,WH006
ORD20085,P0941266,CUST50025,2023-08-30,493,Returned,WH008
ORD20035,P0741742,CUST50037,2023-06-03,298,Cancelled,WH001
ORD20036,P8818959,CUST50052,2023-08-04,129,Returned,WH004
ORD20061,P4646445,CUST50010,2023-06-08,414,Pending,WH007
ORD20008,P9798149,CUST50069,2023-08-27,422,Processing,WH005
ORD20016,P1754500,CUST50014,2023-09-10,265,Pending,WH010
